Abilene, Texas
Austin, Texas
Bartlett, Texas
Brazoria, Texas
Breckenridge, Texas
Brenham, Texas
Brownsville, Texas
Brownwood, Texas
Canadian, Texas
Clarksville, Texas
Columbia, Texas
Corpus Christi, Texas
Fort Worth, Texas
Galveston, Texas
Houston, Texas
Huntsville, Texas
Jefferson, Texas
La Grange, Texas
Lavaca, Texas
Matagorda, Texas
Matamoros, Mexico
Nacogdoches, Texas
Palestine, Texas
Palo Pinto, Texas
Port Lavaca, Texas
San Antonio, Texas
San Augustine, Texas
San Felipe de Austin, Texas
San Luis, Texas
Taylor, Texas
Tulia, Texas
Victoria, Texas
Washington, Texas
